index,t,x
1,0.0625,2
2,0.125,2.4503E-16
3,0.1875,-2
4,0.25,-4.90059E-16
5,0.3125,2
6,0.375,7.35089E-16
7,0.4375,-2
8,0.5,-9.80119E-16
9,0.5625,2
10,0.625,1.22515E-15
11,0.6875,-2
12,0.75,-1.47018E-15
13,0.8125,2
14,0.875,1.71521E-15
15,0.9375,-2
16,1,-1.96024E-15
